{
  "hash": "c48ad185",
  "browserHash": "c7c34139",
  "optimized": {
    "react/jsx-runtime": {
      "src": "../../node_modules/.deno/react@18.2.0/node_modules/react/jsx-runtime.js",
      "file": "react_jsx-runtime.js",
      "fileHash": "9647306d",
      "needsInterop": true
    },
    "react/jsx-dev-runtime": {
      "src": "../../node_modules/.deno/react@18.2.0/node_modules/react/jsx-dev-runtime.js",
      "file": "react_jsx-dev-runtime.js",
      "fileHash": "fa8cfd3a",
      "needsInterop": true
    },
    "react": {
      "src": "../../node_modules/.deno/react@18.2.0/node_modules/react/index.js",
      "file": "react.js",
      "fileHash": "fa66b4f9",
      "needsInterop": true
    },
    "react-dom/client": {
      "src": "../../node_modules/.deno/react-dom@18.2.0/node_modules/react-dom/client.js",
      "file": "react-dom_client.js",
      "fileHash": "9c393224",
      "needsInterop": true
    },
    "react-router-dom": {
      "src": "../../node_modules/.deno/react-router-dom@6.4.5/node_modules/react-router-dom/dist/index.js",
      "file": "react-router-dom.js",
      "fileHash": "93aeeecd",
      "needsInterop": false
    }
  },
  "chunks": {
    "chunk-GCJ4REYC": {
      "file": "chunk-GCJ4REYC.js"
    }
  }
}